{
  "project_info": {
    "project_number": "911566926708",
    "firebase_url": "https://fbifront-839c4.firebaseio.com",
    "project_id": "fbifront-839c4",
    "storage_bucket": "fbifront-839c4.appspot.com"
  },
  "client": [
    {
      "client_info": {
        "mobilesdk_app_id": "1:911566926708:android:deed1064e1e6005df53221",
        "android_client_info": {
          "package_name": "com.example.fbi"
        }
      },
      "oauth_client": [
        {
          "client_id": "911566926708-5v785nv4hrksnq5s9u915nqnec0hpuvs.apps.googleusercontent.com",
          "client_type": 1,
          "android_info": {
            "package_name": "com.example.fbi",
            "certificate_hash": "994eeb48d2a84efb214a5762f9b13ecb2a9e30f9"
          }
        },
        {
          "client_id": "911566926708-r9d07i2jhl7h4b88st8q40801v5anr4s.apps.googleusercontent.com",
          "client_type": 3
        }
      ],
      "api_key": [
        {
          "current_key": "AIzaSyCiPSE7dZfxIJAEJC_RJLPqaG2YwVhXZUM"
        }
      ],
      "services": {
        "appinvite_service": {
          "other_platform_oauth_client": [
            {
              "client_id": "911566926708-r9d07i2jhl7h4b88st8q40801v5anr4s.apps.googleusercontent.com",
              "client_type": 3
            }
          ]
        }
      }
    }
  ],
  "configuration_version": "1"
}